{
  "users": {
    "842320686": {
      "saldo": 0,
      "exp": 102,
      "level": 0,
      "limit": 160,
      "owner": false,
      "registered": false,
      "premium": false,
      "banned": false,
      "ownerTime": 0,
      "premiumTime": 0,
      "command": 0,
      "commandTotal": 0,
      "lastCmd": 0,
      "chat": 17,
      "chatTotal": 17,
      "lastseen": 1762362100440,
      "lastReset": "2025-11-08"
    },
    "1037581567": {
      "saldo": 0,
      "exp": 170,
      "level": 0,
      "limit": 189,
      "owner": false,
      "registered": false,
      "premium": false,
      "banned": false,
      "ownerTime": 0,
      "premiumTime": 0,
      "command": 0,
      "commandTotal": 0,
      "lastCmd": 0,
      "chat": 35,
      "chatTotal": 35,
      "lastseen": 1762331145549,
      "lastReset": "2025-11-08"
    },
    "1087968824": {
      "saldo": 0,
      "exp": 340,
      "level": 0,
      "limit": 190,
      "owner": false,
      "registered": false,
      "premium": false,
      "banned": false,
      "ownerTime": 0,
      "premiumTime": 0,
      "command": 0,
      "commandTotal": 0,
      "lastCmd": 0,
      "chat": 119,
      "chatTotal": 119,
      "lastseen": 1762524175500,
      "lastReset": "2025-11-08"
    },
    "8052207089": {
      "saldo": 0,
      "exp": 7939,
      "level": 0,
      "limit": 220,
      "owner": true,
      "registered": false,
      "premium": true,
      "banned": false,
      "ownerTime": 0,
      "premiumTime": 0,
      "command": 0,
      "commandTotal": 0,
      "lastCmd": 0,
      "chat": 2179,
      "chatTotal": 2179,
      "lastseen": 1762597426877,
      "lastReset": "2025-11-08",
      "afk": -1,
      "afkReason": "",
      "autolevelup": true,
      "reseller": true
    },
    "8174860652": {
      "saldo": 0,
      "exp": 1564,
      "level": 0,
      "limit": 220,
      "owner": true,
      "registered": true,
      "premium": true,
      "banned": false,
      "ownerTime": 0,
      "premiumTime": 0,
      "command": 0,
      "commandTotal": 0,
      "lastCmd": 0,
      "chat": 1141,
      "chatTotal": 1141,
      "lastseen": 1762597248409,
      "lastReset": "2025-11-08",
      "name": "moch",
      "age": 99,
      "regTime": 1762207932473
    },
    "8024175593": {
      "saldo": 0,
      "exp": 85,
      "level": 0,
      "limit": 180,
      "owner": false,
      "registered": false,
      "premium": true,
      "reseller": false,
      "lastReset": "2025-11-08",
      "banned": false,
      "premiumTime": 0,
      "command": 0,
      "commandTotal": 0,
      "lastCmd": 0,
      "chat": 39,
      "chatTotal": 39,
      "lastseen": 1762577500801
    },
    "7659363950": {
      "saldo": 0,
      "exp": 0,
      "level": 0,
      "limit": 180,
      "owner": false,
      "registered": false,
      "premium": false,
      "reseller": false,
      "lastReset": "2025-11-08"
    },
    "8173379311": {
      "saldo": 0,
      "exp": 510,
      "level": 0,
      "limit": 180,
      "owner": false,
      "registered": false,
      "premium": true,
      "reseller": false,
      "lastReset": "2025-11-08",
      "banned": false,
      "premiumTime": 0,
      "command": 0,
      "commandTotal": 0,
      "lastCmd": 0,
      "chat": 90,
      "chatTotal": 90,
      "lastseen": 1762519907142,
      "afk": -1,
      "afkReason": ""
    },
    "7889501565": {
      "saldo": 0,
      "exp": 68,
      "level": 0,
      "limit": 220,
      "owner": false,
      "registered": false,
      "premium": true,
      "banned": false,
      "ownerTime": 0,
      "premiumTime": 0,
      "command": 0,
      "commandTotal": 0,
      "lastCmd": 0,
      "chat": 38,
      "chatTotal": 38,
      "lastseen": 1762434252567,
      "lastReset": "2025-11-08"
    },
    "8413391760": {
      "saldo": 0,
      "exp": 153,
      "level": 0,
      "limit": 220,
      "owner": false,
      "registered": false,
      "premium": true,
      "banned": false,
      "ownerTime": 0,
      "premiumTime": 0,
      "command": 0,
      "commandTotal": 0,
      "lastCmd": 0,
      "chat": 342,
      "chatTotal": 342,
      "lastseen": 1762590674897,
      "lastReset": "2025-11-08"
    },
    "7664754370": {
      "saldo": 0,
      "exp": 187,
      "level": 0,
      "limit": 220,
      "owner": false,
      "registered": false,
      "premium": true,
      "banned": false,
      "ownerTime": 0,
      "premiumTime": 0,
      "command": 0,
      "commandTotal": 0,
      "lastCmd": 0,
      "chat": 244,
      "chatTotal": 244,
      "lastseen": 1762578780537,
      "lastReset": "2025-11-08",
      "reseller": true
    },
    "7293706183": {
      "saldo": 0,
      "exp": 51,
      "level": 0,
      "limit": 220,
      "owner": false,
      "registered": false,
      "premium": true,
      "banned": false,
      "ownerTime": 0,
      "premiumTime": 0,
      "command": 0,
      "commandTotal": 0,
      "lastCmd": 0,
      "chat": 40,
      "chatTotal": 40,
      "lastseen": 1762568279111,
      "lastReset": "2025-11-08"
    },
    "7218139926": {
      "saldo": 0,
      "exp": 442,
      "level": 0,
      "limit": 190,
      "owner": false,
      "registered": false,
      "premium": true,
      "banned": false,
      "ownerTime": 0,
      "premiumTime": 0,
      "command": 0,
      "commandTotal": 0,
      "lastCmd": 0,
      "chat": 108,
      "chatTotal": 108,
      "lastseen": 1762530015863,
      "lastReset": "2025-11-08"
    },
    "7553824881": {
      "saldo": 0,
      "exp": 102,
      "level": 0,
      "limit": 190,
      "owner": false,
      "registered": false,
      "premium": false,
      "banned": false,
      "ownerTime": 0,
      "premiumTime": 0,
      "command": 0,
      "commandTotal": 0,
      "lastCmd": 0,
      "chat": 68,
      "chatTotal": 68,
      "lastseen": 1762410262117,
      "lastReset": "2025-11-08"
    },
    "7167405260": {
      "saldo": 0,
      "exp": 170,
      "level": 0,
      "limit": 160,
      "owner": false,
      "registered": false,
      "premium": true,
      "banned": false,
      "ownerTime": 0,
      "premiumTime": 0,
      "command": 0,
      "commandTotal": 0,
      "lastCmd": 0,
      "chat": 70,
      "chatTotal": 70,
      "lastseen": 1762578870567,
      "lastReset": "2025-11-08"
    },
    "7605543690": {
      "saldo": 0,
      "exp": 102,
      "level": 0,
      "limit": 130,
      "owner": false,
      "registered": false,
      "premium": true,
      "banned": false,
      "ownerTime": 0,
      "premiumTime": 0,
      "command": 0,
      "commandTotal": 0,
      "lastCmd": 0,
      "chat": 29,
      "chatTotal": 29,
      "lastseen": 1762554378263,
      "lastReset": "2025-11-08"
    },
    "7508990534": {
      "saldo": 0,
      "exp": 51,
      "level": 0,
      "limit": 130,
      "owner": false,
      "registered": false,
      "premium": false,
      "banned": false,
      "ownerTime": 0,
      "premiumTime": 0,
      "command": 0,
      "commandTotal": 0,
      "lastCmd": 0,
      "chat": 35,
      "chatTotal": 35,
      "lastseen": 1762525552296,
      "lastReset": "2025-11-08",
      "reseller": true
    },
    "7737447091": {
      "saldo": 0,
      "exp": 102,
      "level": 0,
      "limit": 100,
      "owner": false,
      "registered": false,
      "premium": false,
      "banned": false,
      "ownerTime": 0,
      "premiumTime": 0,
      "command": 0,
      "commandTotal": 0,
      "lastCmd": 0,
      "chat": 48,
      "chatTotal": 48,
      "lastseen": 1762590113936,
      "lastReset": "2025-11-08",
      "reseller": true
    }
  },
  "chats": {
    "842320686": {
      "isBanned": false,
      "welcome": false,
      "left": false,
      "antilink": false,
      "antilink1": false,
      "antilink2": false,
      "antilink3": false,
      "antilink4": false,
      "antilink5": false,
      "antilink6": false,
      "groupres": false,
      "mute": false,
      "antiToxic": false,
      "antiFoto": false,
      "antiVideo": false,
      "antiAudio": false,
      "antiSticker": false,
      "sWelcome": "Selamat datang @user di grup @subject!",
      "sBye": "Selamat tinggal @user!",
      "autoDL": false,
      "autoGempa": {
        "status": false,
        "lastCheck": 0,
        "lastGempa": {}
      }
    },
    "1037581567": {
      "isBanned": false,
      "welcome": false,
      "left": false,
      "antilink": false,
      "antilink1": false,
      "antilink2": false,
      "antilink3": false,
      "antilink4": false,
      "antilink5": false,
      "antilink6": false,
      "groupres": false,
      "mute": false,
      "antiToxic": false,
      "antiFoto": false,
      "antiVideo": false,
      "antiAudio": false,
      "antiSticker": false,
      "sWelcome": "Selamat datang @user di grup @subject!",
      "sBye": "Selamat tinggal @user!",
      "autoDL": false,
      "autoGempa": {
        "status": false,
        "lastCheck": 0,
        "lastGempa": {}
      }
    },
    "8052207089": {
      "isBanned": false,
      "welcome": true,
      "antilink": true,
      "groupres": true,
      "mute": false,
      "sWelcome": "Selamat datang @user di grup @subject!",
      "sBye": "Selamat tinggal @user!",
      "autoDL": false,
      "autoGempa": {
        "status": false,
        "lastCheck": 0,
        "lastGempa": {}
      },
      "antiLink": true,
      "detect": true,
      "antiBot": true,
      "left": false,
      "antilink1": false,
      "antilink2": false,
      "antilink3": false,
      "antilink4": false,
      "antilink5": false,
      "antilink6": false,
      "antiToxic": false,
      "antiFoto": false,
      "antiVideo": false,
      "antiAudio": false,
      "antiSticker": false,
      "antiVoice": false
    },
    "-1002828939992": {
      "isBanned": false,
      "welcome": true,
      "antilink": false,
      "groupres": true,
      "mute": false,
      "sWelcome": "Selamat datang @user di grup @subject!",
      "sBye": "Selamat tinggal @user!",
      "autoDL": false,
      "autoGempa": {
        "status": false,
        "lastCheck": 0,
        "lastGempa": {}
      },
      "antiBot": true,
      "antiLink": false,
      "left": true,
      "antilink1": false,
      "antilink2": false,
      "antilink3": false,
      "antilink4": false,
      "antilink5": false,
      "antilink6": false,
      "antiToxic": false,
      "antiFoto": false,
      "antiVideo": true,
      "antiAudio": false,
      "antiSticker": false,
      "antiVoice": false
    },
    "-1003212127102": {
      "isBanned": false,
      "welcome": false,
      "antilink": false,
      "groupres": true,
      "mute": false,
      "sWelcome": "Selamat datang @user di grup @subject!",
      "sBye": "Selamat tinggal @user!",
      "autoDL": false,
      "autoGempa": {
        "status": false,
        "lastCheck": 0,
        "lastGempa": {}
      },
      "antiLink": true,
      "left": true,
      "antilink1": true,
      "antilink2": true,
      "antilink3": false,
      "antilink4": false,
      "antilink5": false,
      "antilink6": true,
      "antiToxic": false,
      "antiFoto": false,
      "antiVideo": false,
      "antiAudio": false,
      "antiSticker": false,
      "antiVoice": false
    },
    "8173379311": {
      "isBanned": false,
      "welcome": true,
      "antilink": true,
      "groupres": true,
      "mute": false,
      "sWelcome": "Selamat datang @user di grup @subject!",
      "sBye": "Selamat tinggal @user!",
      "autoDL": false,
      "autoGempa": {
        "status": false,
        "lastCheck": 0,
        "lastGempa": {}
      },
      "left": false,
      "antilink1": false,
      "antilink2": false,
      "antilink3": false,
      "antilink4": false,
      "antilink5": false,
      "antilink6": false,
      "antiToxic": false,
      "antiFoto": false,
      "antiVideo": false,
      "antiAudio": false,
      "antiSticker": false,
      "antiVoice": false
    },
    "8174860652": {
      "isBanned": false,
      "welcome": true,
      "antilink": true,
      "groupres": true,
      "mute": false,
      "sWelcome": "Selamat datang @user di grup @subject!",
      "sBye": "Selamat tinggal @user!",
      "autoDL": false,
      "autoGempa": {
        "status": false,
        "lastCheck": 0,
        "lastGempa": {}
      },
      "left": false,
      "antilink1": false,
      "antilink2": false,
      "antilink3": false,
      "antilink4": false,
      "antilink5": false,
      "antilink6": false,
      "antiToxic": false,
      "antiFoto": false,
      "antiVideo": false,
      "antiAudio": false,
      "antiSticker": false
    },
    "8413391760": {
      "isBanned": false,
      "welcome": true,
      "antilink": true,
      "groupres": true,
      "mute": false,
      "sWelcome": "Selamat datang @user di grup @subject!",
      "sBye": "Selamat tinggal @user!",
      "autoDL": false,
      "autoGempa": {
        "status": false,
        "lastCheck": 0,
        "lastGempa": {}
      }
    },
    "7218139926": {
      "isBanned": false,
      "welcome": true,
      "antilink": true,
      "groupres": true,
      "mute": false,
      "sWelcome": "Selamat datang @user di grup @subject!",
      "sBye": "Selamat tinggal @user!",
      "autoDL": false,
      "autoGempa": {
        "status": false,
        "lastCheck": 0,
        "lastGempa": {}
      },
      "left": false,
      "antilink1": false,
      "antilink2": false,
      "antilink3": false,
      "antilink4": false,
      "antilink5": false,
      "antilink6": false,
      "antiToxic": false,
      "antiFoto": false,
      "antiVideo": false,
      "antiAudio": false,
      "antiSticker": false
    },
    "7664754370": {
      "isBanned": false,
      "welcome": false,
      "left": false,
      "antilink": false,
      "antilink1": false,
      "antilink2": false,
      "antilink3": false,
      "antilink4": false,
      "antilink5": false,
      "antilink6": false,
      "groupres": false,
      "mute": false,
      "antiToxic": false,
      "antiFoto": false,
      "antiVideo": false,
      "antiAudio": false,
      "antiSticker": false,
      "sWelcome": "Selamat datang @user di grup @subject!",
      "sBye": "Selamat tinggal @user!",
      "autoDL": false,
      "autoGempa": {
        "status": false,
        "lastCheck": 0,
        "lastGempa": {}
      }
    },
    "7167405260": {
      "isBanned": false,
      "welcome": false,
      "left": false,
      "antilink": false,
      "antilink1": false,
      "antilink2": false,
      "antilink3": false,
      "antilink4": false,
      "antilink5": false,
      "antilink6": false,
      "groupres": false,
      "mute": false,
      "antiToxic": false,
      "antiFoto": false,
      "antiVideo": false,
      "antiAudio": false,
      "antiSticker": false,
      "sWelcome": "Selamat datang @user di grup @subject!",
      "sBye": "Selamat tinggal @user!",
      "autoDL": false,
      "autoGempa": {
        "status": false,
        "lastCheck": 0,
        "lastGempa": {}
      }
    },
    "7737447091": {
      "isBanned": false,
      "welcome": false,
      "left": false,
      "antilink": false,
      "antilink1": false,
      "antilink2": false,
      "antilink3": false,
      "antilink4": false,
      "antilink5": false,
      "antilink6": false,
      "groupres": false,
      "mute": false,
      "antiToxic": false,
      "antiFoto": false,
      "antiVoice": false,
      "antiVideo": false,
      "antiAudio": false,
      "antiSticker": false,
      "sWelcome": "Selamat datang @user di grup @subject!",
      "sBye": "Selamat tinggal @user!",
      "autoDL": false,
      "autoGempa": {
        "status": false,
        "lastCheck": 0,
        "lastGempa": {}
      }
    }
  },
  "owner": [
    "8052207089",
    "8174860652"
  ],
  "reseller": [
    "8052207089",
    "7664754370",
    "7508990534",
    "7737447091"
  ],
  "premium": [
    "8052207089",
    "8174860652",
    "8024175593",
    "8173379311",
    "7889501565",
    "8413391760",
    "7293706183",
    "7664754370",
    "7218139926",
    "7167405260",
    "7605543690",
    "7508990534",
    "7737447091"
  ],
  "stats": {
    "menu.js": {
      "total": 105,
      "success": 105,
      "last": 1762573105177,
      "lastSuccess": 1762573105177
    },
    "panel-crate.js": {
      "total": 119,
      "success": 111,
      "last": 1762579873766,
      "lastSuccess": 1762579873766
    },
    "panel-list.js": {
      "total": 56,
      "success": 56,
      "last": 1762582473244,
      "lastSuccess": 1762582473244
    },
    "subdomain-cek.js": {
      "total": 51,
      "success": 51,
      "last": 1762573269402,
      "lastSuccess": 1762573269402
    },
    "owner-backup.js": {
      "total": 14,
      "success": 14,
      "last": 1762526539387,
      "lastSuccess": 1762526539387
    },
    "panel-autoinstall.js": {
      "total": 30,
      "success": 30,
      "last": 1762499036072,
      "lastSuccess": 1762499036072
    },
    "panel-install-wings.js": {
      "total": 5,
      "success": 5,
      "last": 1762499751259,
      "lastSuccess": 1762499751259
    },
    "info-ping.js": {
      "total": 6,
      "success": 6,
      "last": 1762348241164,
      "lastSuccess": 1762348241164
    },
    "yt-search.js": {
      "total": 4,
      "success": 4,
      "last": 1762436984426,
      "lastSuccess": 1762436984426
    },
    "panel-cek.js": {
      "total": 57,
      "success": 56,
      "last": 1762589802147,
      "lastSuccess": 1762589802147
    },
    "panel-servercpu.js": {
      "total": 11,
      "success": 11,
      "last": 1762404248344,
      "lastSuccess": 1762404248344
    },
    "pane-srvstatus.js": {
      "total": 4,
      "success": 4,
      "last": 1762219426369,
      "lastSuccess": 1762219426369
    },
    "owner-add-del.js": {
      "total": 31,
      "success": 31,
      "last": 1762573197520,
      "lastSuccess": 1762573197520
    },
    "info-bot.js": {
      "total": 8,
      "success": 8,
      "last": 1762354526908,
      "lastSuccess": 1762354526908
    },
    "owner-files.js": {
      "total": 5,
      "success": 3,
      "last": 1762405823110,
      "lastSuccess": 1762405797566
    },
    "cekid.js": {
      "total": 54,
      "success": 54,
      "last": 1762441972142,
      "lastSuccess": 1762441972142
    },
    "xp-regist.js": {
      "total": 4,
      "success": 4,
      "last": 1762207932474,
      "lastSuccess": 1762207932474
    },
    "xp-profile.js": {
      "total": 4,
      "success": 4,
      "last": 1762362080441,
      "lastSuccess": 1762362080441
    },
    "owner-exec2.js": {
      "total": 10,
      "success": 10,
      "last": 1762400567759,
      "lastSuccess": 1762400567759
    },
    "owner-loadplugin.js": {
      "total": 19,
      "success": 19,
      "last": 1762348185189,
      "lastSuccess": 1762348185189
    },
    "_afk_afk.js": {
      "total": 4,
      "success": 4,
      "last": 1762219984086,
      "lastSuccess": 1762219984086
    },
    "download-tiktok.js": {
      "total": 11,
      "success": 11,
      "last": 1762553174715,
      "lastSuccess": 1762553174715
    },
    "panel-srvstatus.js": {
      "total": 13,
      "success": 13,
      "last": 1762460101629,
      "lastSuccess": 1762460101629
    },
    "_enable.js": {
      "total": 75,
      "success": 75,
      "last": 1762493006436,
      "lastSuccess": 1762493006436
    },
    "auto-gempa.js": {
      "total": 2,
      "success": 2,
      "last": 1762331072251,
      "lastSuccess": 1762331072251
    },
    "tools-say.js": {
      "total": 9,
      "success": 9,
      "last": 1762436941222,
      "lastSuccess": 1762436941222
    },
    "panel-install.js": {
      "total": 13,
      "success": 13,
      "last": 1762496321319,
      "lastSuccess": 1762496321319
    },
    "subdomain-crate-del.js": {
      "total": 14,
      "success": 14,
      "last": 1762497904903,
      "lastSuccess": 1762497904903
    },
    "owner-exec.js": {
      "total": 2,
      "success": 2,
      "last": 1762483572744,
      "lastSuccess": 1762483572744
    },
    "menux.js": {
      "total": 2,
      "success": 0,
      "last": 1762493703130,
      "lastSuccess": 0
    },
    "tolos-remini.js": {
      "total": 3,
      "success": 3,
      "last": 1762500920154,
      "lastSuccess": 1762500920154
    }
  },
  "msgs": {},
  "sticker": {}
}